<?xml version="1.0" encoding="UTF-8"?>
 <usersecurityprofile>
<user name="ANU" contactseqid="" usertype="" active="" contacttypeid="" branchid="" grpid="10001" branchname="" userid="198ANUb111" logindate="31/10/2019" email="" mobile="" groupname="" policygrpseqid="7948703" LoginType="OCO" tpaenrolnbr="CHE-NC-H0328-001-0017517" polseqid="2486054" intaccesstypeid="IAN" onlineasstypeid="OAI" wellnesstypeid="WAI" onlineratetypeid="ORN" templatename="BLR_BX_G" firstpwdalert="N" inshrcontactseqid="" hospseqid="" empanelnumber="" groupregseqid="43804" memenrlnk="IAA" clmsub="IAN" tollfree="" supportenable="PSI" hometypeid="HTN" profiletypeid="PTN" querytypeid="QTN" portallogouttype="" employeeno="b111" abbrevationcode="UI">
     <preauth processing="" limit=""/>
    <claim processing="" limit=""/>
     <role seqid="" name="">
    <workflow seqid="" name=""/>
     </role>
     <groups/>
   </user>
 </usersecurityprofile>